"","observer","date_first","date_last","id","distance","direction","speed","measurex","measurey","migratory_status","times_observed"
"1","J. Pritchard",2012-01-12,2012-12-11,"1","1500","W","7.0","420","48","Migratory","3"
"2","E. Jones",2012-02-18,2012-04-21,"4","1293","N","8.0","490","48","Resident","1"
"3","J. Pritchard",2012-01-13,2012-02-17,"15","1028","N","4.0","46","460","Migratory",NA
"4","Matt Jones",2012-09-23,2012-11-23,"23","563","N","3.0","470","47","Resident","2"
"5","S. Chamberlain",2012-07-05,2012-09-26,"22","713","N","5.2","500","45","Resident","4"
"6","C. Boettiger",2012-10-24,2012-10-30,"1495","S","30","1.9","47","410","Migratory",NA
